From	Entry	Reviewed	Entry Name	Protein names	Gene Names	Organism	Length
3p0g	P00720	reviewed	ENLYS_BPT4	Endolysin (EC 3.2.1.17) (Lysis protein) (Lysozyme) (Muramidase)	E	Enterobacteria phage T4 (Bacteriophage T4)	164
3p0g	P07550	reviewed	ADRB2_HUMAN	Beta-2 adrenergic receptor (Beta-2 adrenoreceptor) (Beta-2 adrenoceptor)	ADRB2 ADRB2R B2AR	Homo sapiens (Human)	413
3pds	P00720	reviewed	ENLYS_BPT4	Endolysin (EC 3.2.1.17) (Lysis protein) (Lysozyme) (Muramidase)	E	Enterobacteria phage T4 (Bacteriophage T4)	164
3pds	P07550	reviewed	ADRB2_HUMAN	Beta-2 adrenergic receptor (Beta-2 adrenoreceptor) (Beta-2 adrenoceptor)	ADRB2 ADRB2R B2AR	Homo sapiens (Human)	413
3sn6	P54311	reviewed	GBB1_RAT	Guanine nucleotide-binding protein G(I)/G(S)/G(T) subunit beta-1 (Transducin beta chain 1)	Gnb1	Rattus norvegicus (Rat)	340
3sn6	P00720	reviewed	ENLYS_BPT4	Endolysin (EC 3.2.1.17) (Lysis protein) (Lysozyme) (Muramidase)	E	Enterobacteria phage T4 (Bacteriophage T4)	164
3sn6	P07550	reviewed	ADRB2_HUMAN	Beta-2 adrenergic receptor (Beta-2 adrenoreceptor) (Beta-2 adrenoceptor)	ADRB2 ADRB2R B2AR	Homo sapiens (Human)	413
3sn6	P04896	reviewed	GNAS2_BOVIN	Guanine nucleotide-binding protein G(s) subunit alpha isoforms short (Adenylate cyclase-stimulating G alpha protein)	GNAS GNAS1	Bos taurus (Bovine)	394
3sn6	P63212	reviewed	GBG2_BOVIN	Guanine nucleotide-binding protein G(I)/G(S)/G(O) subunit gamma-2 (G gamma-I)	GNG2	Bos taurus (Bovine)	71
4lde	P00720	reviewed	ENLYS_BPT4	Endolysin (EC 3.2.1.17) (Lysis protein) (Lysozyme) (Muramidase)	E	Enterobacteria phage T4 (Bacteriophage T4)	164
4lde	P07550	reviewed	ADRB2_HUMAN	Beta-2 adrenergic receptor (Beta-2 adrenoreceptor) (Beta-2 adrenoceptor)	ADRB2 ADRB2R B2AR	Homo sapiens (Human)	413
4ldl	P00720	reviewed	ENLYS_BPT4	Endolysin (EC 3.2.1.17) (Lysis protein) (Lysozyme) (Muramidase)	E	Enterobacteria phage T4 (Bacteriophage T4)	164
4ldl	P07550	reviewed	ADRB2_HUMAN	Beta-2 adrenergic receptor (Beta-2 adrenoreceptor) (Beta-2 adrenoceptor)	ADRB2 ADRB2R B2AR	Homo sapiens (Human)	413
4ldo	P00720	reviewed	ENLYS_BPT4	Endolysin (EC 3.2.1.17) (Lysis protein) (Lysozyme) (Muramidase)	E	Enterobacteria phage T4 (Bacteriophage T4)	164
4ldo	P07550	reviewed	ADRB2_HUMAN	Beta-2 adrenergic receptor (Beta-2 adrenoreceptor) (Beta-2 adrenoceptor)	ADRB2 ADRB2R B2AR	Homo sapiens (Human)	413
4qkx	P00720	reviewed	ENLYS_BPT4	Endolysin (EC 3.2.1.17) (Lysis protein) (Lysozyme) (Muramidase)	E	Enterobacteria phage T4 (Bacteriophage T4)	164
4qkx	P07550	reviewed	ADRB2_HUMAN	Beta-2 adrenergic receptor (Beta-2 adrenoreceptor) (Beta-2 adrenoceptor)	ADRB2 ADRB2R B2AR	Homo sapiens (Human)	413
6mxt	P00720	reviewed	ENLYS_BPT4	Endolysin (EC 3.2.1.17) (Lysis protein) (Lysozyme) (Muramidase)	E	Enterobacteria phage T4 (Bacteriophage T4)	164
6mxt	P07550	reviewed	ADRB2_HUMAN	Beta-2 adrenergic receptor (Beta-2 adrenoreceptor) (Beta-2 adrenoceptor)	ADRB2 ADRB2R B2AR	Homo sapiens (Human)	413
4wp7	P00352	reviewed	AL1A1_HUMAN	Aldehyde dehydrogenase 1A1 (EC 1.2.1.19) (EC 1.2.1.28) (EC 1.2.1.3) (EC 1.2.1.36) (3-deoxyglucosone dehydrogenase) (ALDH-E1) (ALHDII) (Aldehyde dehydrogenase family 1 member A1) (Aldehyde dehydrogenase, cytosolic) (Retinal dehydrogenase 1) (RALDH 1) (RalDH1)	ALDH1A1 ALDC ALDH1 PUMB1	Homo sapiens (Human)	501
4wpn	P00352	reviewed	AL1A1_HUMAN	Aldehyde dehydrogenase 1A1 (EC 1.2.1.19) (EC 1.2.1.28) (EC 1.2.1.3) (EC 1.2.1.36) (3-deoxyglucosone dehydrogenase) (ALDH-E1) (ALHDII) (Aldehyde dehydrogenase family 1 member A1) (Aldehyde dehydrogenase, cytosolic) (Retinal dehydrogenase 1) (RALDH 1) (RalDH1)	ALDH1A1 ALDC ALDH1 PUMB1	Homo sapiens (Human)	501
4x4l	P00352	reviewed	AL1A1_HUMAN	Aldehyde dehydrogenase 1A1 (EC 1.2.1.19) (EC 1.2.1.28) (EC 1.2.1.3) (EC 1.2.1.36) (3-deoxyglucosone dehydrogenase) (ALDH-E1) (ALHDII) (Aldehyde dehydrogenase family 1 member A1) (Aldehyde dehydrogenase, cytosolic) (Retinal dehydrogenase 1) (RALDH 1) (RalDH1)	ALDH1A1 ALDC ALDH1 PUMB1	Homo sapiens (Human)	501
5ac2	P00352	reviewed	AL1A1_HUMAN	Aldehyde dehydrogenase 1A1 (EC 1.2.1.19) (EC 1.2.1.28) (EC 1.2.1.3) (EC 1.2.1.36) (3-deoxyglucosone dehydrogenase) (ALDH-E1) (ALHDII) (Aldehyde dehydrogenase family 1 member A1) (Aldehyde dehydrogenase, cytosolic) (Retinal dehydrogenase 1) (RALDH 1) (RalDH1)	ALDH1A1 ALDC ALDH1 PUMB1	Homo sapiens (Human)	501
5l2m	P00352	reviewed	AL1A1_HUMAN	Aldehyde dehydrogenase 1A1 (EC 1.2.1.19) (EC 1.2.1.28) (EC 1.2.1.3) (EC 1.2.1.36) (3-deoxyglucosone dehydrogenase) (ALDH-E1) (ALHDII) (Aldehyde dehydrogenase family 1 member A1) (Aldehyde dehydrogenase, cytosolic) (Retinal dehydrogenase 1) (RALDH 1) (RalDH1)	ALDH1A1 ALDC ALDH1 PUMB1	Homo sapiens (Human)	501
5l2n	P00352	reviewed	AL1A1_HUMAN	Aldehyde dehydrogenase 1A1 (EC 1.2.1.19) (EC 1.2.1.28) (EC 1.2.1.3) (EC 1.2.1.36) (3-deoxyglucosone dehydrogenase) (ALDH-E1) (ALHDII) (Aldehyde dehydrogenase family 1 member A1) (Aldehyde dehydrogenase, cytosolic) (Retinal dehydrogenase 1) (RALDH 1) (RalDH1)	ALDH1A1 ALDC ALDH1 PUMB1	Homo sapiens (Human)	501
5l2o	P00352	reviewed	AL1A1_HUMAN	Aldehyde dehydrogenase 1A1 (EC 1.2.1.19) (EC 1.2.1.28) (EC 1.2.1.3) (EC 1.2.1.36) (3-deoxyglucosone dehydrogenase) (ALDH-E1) (ALHDII) (Aldehyde dehydrogenase family 1 member A1) (Aldehyde dehydrogenase, cytosolic) (Retinal dehydrogenase 1) (RALDH 1) (RalDH1)	ALDH1A1 ALDC ALDH1 PUMB1	Homo sapiens (Human)	501
5tei	P00352	reviewed	AL1A1_HUMAN	Aldehyde dehydrogenase 1A1 (EC 1.2.1.19) (EC 1.2.1.28) (EC 1.2.1.3) (EC 1.2.1.36) (3-deoxyglucosone dehydrogenase) (ALDH-E1) (ALHDII) (Aldehyde dehydrogenase family 1 member A1) (Aldehyde dehydrogenase, cytosolic) (Retinal dehydrogenase 1) (RALDH 1) (RalDH1)	ALDH1A1 ALDC ALDH1 PUMB1	Homo sapiens (Human)	501
1l2i	Q61026	reviewed	NCOA2_MOUSE	Nuclear receptor coactivator 2 (NCoA-2) (Glucocorticoid receptor-interacting protein 1) (GRIP-1) (Steroid receptor coactivator 2) (SRC-2) (Transcriptional intermediary factor 2)	Ncoa2 Grip1 Src2 Tif2	Mus musculus (Mouse)	1462
1l2i	P03372	reviewed	ESR1_HUMAN	Estrogen receptor (ER) (ER-alpha) (Estradiol receptor) (Nuclear receptor subfamily 3 group A member 1)	ESR1 ESR NR3A1	Homo sapiens (Human)	595
2b1v	P03372	reviewed	ESR1_HUMAN	Estrogen receptor (ER) (ER-alpha) (Estradiol receptor) (Nuclear receptor subfamily 3 group A member 1)	ESR1 ESR NR3A1	Homo sapiens (Human)	595
2b1v	Q15596	reviewed	NCOA2_HUMAN	Nuclear receptor coactivator 2 (NCoA-2) (Class E basic helix-loop-helix protein 75) (bHLHe75) (Transcriptional intermediary factor 2) (hTIF2)	NCOA2 BHLHE75 SRC2 TIF2	Homo sapiens (Human)	1464
2b1z	P03372	reviewed	ESR1_HUMAN	Estrogen receptor (ER) (ER-alpha) (Estradiol receptor) (Nuclear receptor subfamily 3 group A member 1)	ESR1 ESR NR3A1	Homo sapiens (Human)	595
2b1z	Q15596	reviewed	NCOA2_HUMAN	Nuclear receptor coactivator 2 (NCoA-2) (Class E basic helix-loop-helix protein 75) (bHLHe75) (Transcriptional intermediary factor 2) (hTIF2)	NCOA2 BHLHE75 SRC2 TIF2	Homo sapiens (Human)	1464
2p15	P03372	reviewed	ESR1_HUMAN	Estrogen receptor (ER) (ER-alpha) (Estradiol receptor) (Nuclear receptor subfamily 3 group A member 1)	ESR1 ESR NR3A1	Homo sapiens (Human)	595
2p15	Q15596	reviewed	NCOA2_HUMAN	Nuclear receptor coactivator 2 (NCoA-2) (Class E basic helix-loop-helix protein 75) (bHLHe75) (Transcriptional intermediary factor 2) (hTIF2)	NCOA2 BHLHE75 SRC2 TIF2	Homo sapiens (Human)	1464
2q70	P03372	reviewed	ESR1_HUMAN	Estrogen receptor (ER) (ER-alpha) (Estradiol receptor) (Nuclear receptor subfamily 3 group A member 1)	ESR1 ESR NR3A1	Homo sapiens (Human)	595
2qr9	Q61026	reviewed	NCOA2_MOUSE	Nuclear receptor coactivator 2 (NCoA-2) (Glucocorticoid receptor-interacting protein 1) (GRIP-1) (Steroid receptor coactivator 2) (SRC-2) (Transcriptional intermediary factor 2)	Ncoa2 Grip1 Src2 Tif2	Mus musculus (Mouse)	1462
2qr9	P03372	reviewed	ESR1_HUMAN	Estrogen receptor (ER) (ER-alpha) (Estradiol receptor) (Nuclear receptor subfamily 3 group A member 1)	ESR1 ESR NR3A1	Homo sapiens (Human)	595
2qse	Q61026	reviewed	NCOA2_MOUSE	Nuclear receptor coactivator 2 (NCoA-2) (Glucocorticoid receptor-interacting protein 1) (GRIP-1) (Steroid receptor coactivator 2) (SRC-2) (Transcriptional intermediary factor 2)	Ncoa2 Grip1 Src2 Tif2	Mus musculus (Mouse)	1462
2qse	P03372	reviewed	ESR1_HUMAN	Estrogen receptor (ER) (ER-alpha) (Estradiol receptor) (Nuclear receptor subfamily 3 group A member 1)	ESR1 ESR NR3A1	Homo sapiens (Human)	595
2qzo	Q61026	reviewed	NCOA2_MOUSE	Nuclear receptor coactivator 2 (NCoA-2) (Glucocorticoid receptor-interacting protein 1) (GRIP-1) (Steroid receptor coactivator 2) (SRC-2) (Transcriptional intermediary factor 2)	Ncoa2 Grip1 Src2 Tif2	Mus musculus (Mouse)	1462
2qzo	P03372	reviewed	ESR1_HUMAN	Estrogen receptor (ER) (ER-alpha) (Estradiol receptor) (Nuclear receptor subfamily 3 group A member 1)	ESR1 ESR NR3A1	Homo sapiens (Human)	595
4ivw	P03372	reviewed	ESR1_HUMAN	Estrogen receptor (ER) (ER-alpha) (Estradiol receptor) (Nuclear receptor subfamily 3 group A member 1)	ESR1 ESR NR3A1	Homo sapiens (Human)	595
4ivw	Q15596	reviewed	NCOA2_HUMAN	Nuclear receptor coactivator 2 (NCoA-2) (Class E basic helix-loop-helix protein 75) (bHLHe75) (Transcriptional intermediary factor 2) (hTIF2)	NCOA2 BHLHE75 SRC2 TIF2	Homo sapiens (Human)	1464
4pps	P03372	reviewed	ESR1_HUMAN	Estrogen receptor (ER) (ER-alpha) (Estradiol receptor) (Nuclear receptor subfamily 3 group A member 1)	ESR1 ESR NR3A1	Homo sapiens (Human)	595
4pps	Q15596	reviewed	NCOA2_HUMAN	Nuclear receptor coactivator 2 (NCoA-2) (Class E basic helix-loop-helix protein 75) (bHLHe75) (Transcriptional intermediary factor 2) (hTIF2)	NCOA2 BHLHE75 SRC2 TIF2	Homo sapiens (Human)	1464
5drj	P03372	reviewed	ESR1_HUMAN	Estrogen receptor (ER) (ER-alpha) (Estradiol receptor) (Nuclear receptor subfamily 3 group A member 1)	ESR1 ESR NR3A1	Homo sapiens (Human)	595
5drj	Q15596	reviewed	NCOA2_HUMAN	Nuclear receptor coactivator 2 (NCoA-2) (Class E basic helix-loop-helix protein 75) (bHLHe75) (Transcriptional intermediary factor 2) (hTIF2)	NCOA2 BHLHE75 SRC2 TIF2	Homo sapiens (Human)	1464
5du5	P03372	reviewed	ESR1_HUMAN	Estrogen receptor (ER) (ER-alpha) (Estradiol receptor) (Nuclear receptor subfamily 3 group A member 1)	ESR1 ESR NR3A1	Homo sapiens (Human)	595
5du5	Q15596	reviewed	NCOA2_HUMAN	Nuclear receptor coactivator 2 (NCoA-2) (Class E basic helix-loop-helix protein 75) (bHLHe75) (Transcriptional intermediary factor 2) (hTIF2)	NCOA2 BHLHE75 SRC2 TIF2	Homo sapiens (Human)	1464
5due	P03372	reviewed	ESR1_HUMAN	Estrogen receptor (ER) (ER-alpha) (Estradiol receptor) (Nuclear receptor subfamily 3 group A member 1)	ESR1 ESR NR3A1	Homo sapiens (Human)	595
5due	Q15596	reviewed	NCOA2_HUMAN	Nuclear receptor coactivator 2 (NCoA-2) (Class E basic helix-loop-helix protein 75) (bHLHe75) (Transcriptional intermediary factor 2) (hTIF2)	NCOA2 BHLHE75 SRC2 TIF2	Homo sapiens (Human)	1464
5dzi	P03372	reviewed	ESR1_HUMAN	Estrogen receptor (ER) (ER-alpha) (Estradiol receptor) (Nuclear receptor subfamily 3 group A member 1)	ESR1 ESR NR3A1	Homo sapiens (Human)	595
5dzi	Q15596	reviewed	NCOA2_HUMAN	Nuclear receptor coactivator 2 (NCoA-2) (Class E basic helix-loop-helix protein 75) (bHLHe75) (Transcriptional intermediary factor 2) (hTIF2)	NCOA2 BHLHE75 SRC2 TIF2	Homo sapiens (Human)	1464
5e1c	P03372	reviewed	ESR1_HUMAN	Estrogen receptor (ER) (ER-alpha) (Estradiol receptor) (Nuclear receptor subfamily 3 group A member 1)	ESR1 ESR NR3A1	Homo sapiens (Human)	595
5e1c	Q15596	reviewed	NCOA2_HUMAN	Nuclear receptor coactivator 2 (NCoA-2) (Class E basic helix-loop-helix protein 75) (bHLHe75) (Transcriptional intermediary factor 2) (hTIF2)	NCOA2 BHLHE75 SRC2 TIF2	Homo sapiens (Human)	1464
1xp1	P03372	reviewed	ESR1_HUMAN	Estrogen receptor (ER) (ER-alpha) (Estradiol receptor) (Nuclear receptor subfamily 3 group A member 1)	ESR1 ESR NR3A1	Homo sapiens (Human)	595
1xqc	P03372	reviewed	ESR1_HUMAN	Estrogen receptor (ER) (ER-alpha) (Estradiol receptor) (Nuclear receptor subfamily 3 group A member 1)	ESR1 ESR NR3A1	Homo sapiens (Human)	595
2ayr	P03372	reviewed	ESR1_HUMAN	Estrogen receptor (ER) (ER-alpha) (Estradiol receptor) (Nuclear receptor subfamily 3 group A member 1)	ESR1 ESR NR3A1	Homo sapiens (Human)	595
2iog	P03372	reviewed	ESR1_HUMAN	Estrogen receptor (ER) (ER-alpha) (Estradiol receptor) (Nuclear receptor subfamily 3 group A member 1)	ESR1 ESR NR3A1	Homo sapiens (Human)	595
2iok	P03372	reviewed	ESR1_HUMAN	Estrogen receptor (ER) (ER-alpha) (Estradiol receptor) (Nuclear receptor subfamily 3 group A member 1)	ESR1 ESR NR3A1	Homo sapiens (Human)	595
2ouz	P03372	reviewed	ESR1_HUMAN	Estrogen receptor (ER) (ER-alpha) (Estradiol receptor) (Nuclear receptor subfamily 3 group A member 1)	ESR1 ESR NR3A1	Homo sapiens (Human)	595
2pog	P03372	reviewed	ESR1_HUMAN	Estrogen receptor (ER) (ER-alpha) (Estradiol receptor) (Nuclear receptor subfamily 3 group A member 1)	ESR1 ESR NR3A1	Homo sapiens (Human)	595
2r6w	P03372	reviewed	ESR1_HUMAN	Estrogen receptor (ER) (ER-alpha) (Estradiol receptor) (Nuclear receptor subfamily 3 group A member 1)	ESR1 ESR NR3A1	Homo sapiens (Human)	595
3dt3	P03372	reviewed	ESR1_HUMAN	Estrogen receptor (ER) (ER-alpha) (Estradiol receptor) (Nuclear receptor subfamily 3 group A member 1)	ESR1 ESR NR3A1	Homo sapiens (Human)	595
5aau	P03372	reviewed	ESR1_HUMAN	Estrogen receptor (ER) (ER-alpha) (Estradiol receptor) (Nuclear receptor subfamily 3 group A member 1)	ESR1 ESR NR3A1	Homo sapiens (Human)	595
5fqv	P03372	reviewed	ESR1_HUMAN	Estrogen receptor (ER) (ER-alpha) (Estradiol receptor) (Nuclear receptor subfamily 3 group A member 1)	ESR1 ESR NR3A1	Homo sapiens (Human)	595
5t92	P03372	reviewed	ESR1_HUMAN	Estrogen receptor (ER) (ER-alpha) (Estradiol receptor) (Nuclear receptor subfamily 3 group A member 1)	ESR1 ESR NR3A1	Homo sapiens (Human)	595
5ufx	P03372	reviewed	ESR1_HUMAN	Estrogen receptor (ER) (ER-alpha) (Estradiol receptor) (Nuclear receptor subfamily 3 group A member 1)	ESR1 ESR NR3A1	Homo sapiens (Human)	595
6b0f	P03372	reviewed	ESR1_HUMAN	Estrogen receptor (ER) (ER-alpha) (Estradiol receptor) (Nuclear receptor subfamily 3 group A member 1)	ESR1 ESR NR3A1	Homo sapiens (Human)	595
6chw	P03372	reviewed	ESR1_HUMAN	Estrogen receptor (ER) (ER-alpha) (Estradiol receptor) (Nuclear receptor subfamily 3 group A member 1)	ESR1 ESR NR3A1	Homo sapiens (Human)	595
5fv7	P39748	reviewed	FEN1_HUMAN	Flap endonuclease 1 (FEN-1) (EC 3.1.-.-) (DNase IV) (Flap structure-specific endonuclease 1) (Maturation factor 1) (MF1) (hFEN-1)	FEN1 RAD2	Homo sapiens (Human)	380
2v3d	P04062	reviewed	GBA1_HUMAN	Lysosomal acid glucosylceramidase (Lysosomal acid GCase) (EC 3.2.1.45) (Acid beta-glucosidase) (Alglucerase) (Beta-glucocerebrosidase) (Beta-GC) (Beta-glucosylceramidase 1) (Cholesterol glucosyltransferase) (SGTase) (EC 2.4.1.-) (Cholesteryl-beta-glucosidase) (EC 3.2.1.-) (D-glucosyl-N-acylsphingosine glucohydrolase) (Glucosylceramidase beta 1) (Imiglucerase) (Lysosomal cholesterol glycosyltransferase) (Lysosomal galactosylceramidase) (EC 3.2.1.46) (Lysosomal glycosylceramidase)	GBA1 GBA GC GLUC	Homo sapiens (Human)	536
2v3e	P04062	reviewed	GBA1_HUMAN	Lysosomal acid glucosylceramidase (Lysosomal acid GCase) (EC 3.2.1.45) (Acid beta-glucosidase) (Alglucerase) (Beta-glucocerebrosidase) (Beta-GC) (Beta-glucosylceramidase 1) (Cholesterol glucosyltransferase) (SGTase) (EC 2.4.1.-) (Cholesteryl-beta-glucosidase) (EC 3.2.1.-) (D-glucosyl-N-acylsphingosine glucohydrolase) (Glucosylceramidase beta 1) (Imiglucerase) (Lysosomal cholesterol glycosyltransferase) (Lysosomal galactosylceramidase) (EC 3.2.1.46) (Lysosomal glycosylceramidase)	GBA1 GBA GC GLUC	Homo sapiens (Human)	536
2xwd	P04062	reviewed	GBA1_HUMAN	Lysosomal acid glucosylceramidase (Lysosomal acid GCase) (EC 3.2.1.45) (Acid beta-glucosidase) (Alglucerase) (Beta-glucocerebrosidase) (Beta-GC) (Beta-glucosylceramidase 1) (Cholesterol glucosyltransferase) (SGTase) (EC 2.4.1.-) (Cholesteryl-beta-glucosidase) (EC 3.2.1.-) (D-glucosyl-N-acylsphingosine glucohydrolase) (Glucosylceramidase beta 1) (Imiglucerase) (Lysosomal cholesterol glycosyltransferase) (Lysosomal galactosylceramidase) (EC 3.2.1.46) (Lysosomal glycosylceramidase)	GBA1 GBA GC GLUC	Homo sapiens (Human)	536
2xwe	P04062	reviewed	GBA1_HUMAN	Lysosomal acid glucosylceramidase (Lysosomal acid GCase) (EC 3.2.1.45) (Acid beta-glucosidase) (Alglucerase) (Beta-glucocerebrosidase) (Beta-GC) (Beta-glucosylceramidase 1) (Cholesterol glucosyltransferase) (SGTase) (EC 2.4.1.-) (Cholesteryl-beta-glucosidase) (EC 3.2.1.-) (D-glucosyl-N-acylsphingosine glucohydrolase) (Glucosylceramidase beta 1) (Imiglucerase) (Lysosomal cholesterol glycosyltransferase) (Lysosomal galactosylceramidase) (EC 3.2.1.46) (Lysosomal glycosylceramidase)	GBA1 GBA GC GLUC	Homo sapiens (Human)	536
3rik	P04062	reviewed	GBA1_HUMAN	Lysosomal acid glucosylceramidase (Lysosomal acid GCase) (EC 3.2.1.45) (Acid beta-glucosidase) (Alglucerase) (Beta-glucocerebrosidase) (Beta-GC) (Beta-glucosylceramidase 1) (Cholesterol glucosyltransferase) (SGTase) (EC 2.4.1.-) (Cholesteryl-beta-glucosidase) (EC 3.2.1.-) (D-glucosyl-N-acylsphingosine glucohydrolase) (Glucosylceramidase beta 1) (Imiglucerase) (Lysosomal cholesterol glycosyltransferase) (Lysosomal galactosylceramidase) (EC 3.2.1.46) (Lysosomal glycosylceramidase)	GBA1 GBA GC GLUC	Homo sapiens (Human)	536
3ril	P04062	reviewed	GBA1_HUMAN	Lysosomal acid glucosylceramidase (Lysosomal acid GCase) (EC 3.2.1.45) (Acid beta-glucosidase) (Alglucerase) (Beta-glucocerebrosidase) (Beta-GC) (Beta-glucosylceramidase 1) (Cholesterol glucosyltransferase) (SGTase) (EC 2.4.1.-) (Cholesteryl-beta-glucosidase) (EC 3.2.1.-) (D-glucosyl-N-acylsphingosine glucohydrolase) (Glucosylceramidase beta 1) (Imiglucerase) (Lysosomal cholesterol glycosyltransferase) (Lysosomal galactosylceramidase) (EC 3.2.1.46) (Lysosomal glycosylceramidase)	GBA1 GBA GC GLUC	Homo sapiens (Human)	536
4i3k	O75874	reviewed	IDHC_HUMAN	Isocitrate dehydrogenase [NADP] cytoplasmic (IDH) (IDH1) (EC 1.1.1.42) (Cytosolic NADP-isocitrate dehydrogenase) (IDPc) (NADP(+)-specific ICDH) (Oxalosuccinate decarboxylase)	IDH1 PICD	Homo sapiens (Human)	414
4i3l	O75874	reviewed	IDHC_HUMAN	Isocitrate dehydrogenase [NADP] cytoplasmic (IDH) (IDH1) (EC 1.1.1.42) (Cytosolic NADP-isocitrate dehydrogenase) (IDPc) (NADP(+)-specific ICDH) (Oxalosuccinate decarboxylase)	IDH1 PICD	Homo sapiens (Human)	414
4umx	O75874	reviewed	IDHC_HUMAN	Isocitrate dehydrogenase [NADP] cytoplasmic (IDH) (IDH1) (EC 1.1.1.42) (Cytosolic NADP-isocitrate dehydrogenase) (IDPc) (NADP(+)-specific ICDH) (Oxalosuccinate decarboxylase)	IDH1 PICD	Homo sapiens (Human)	414
4xrx	O75874	reviewed	IDHC_HUMAN	Isocitrate dehydrogenase [NADP] cytoplasmic (IDH) (IDH1) (EC 1.1.1.42) (Cytosolic NADP-isocitrate dehydrogenase) (IDPc) (NADP(+)-specific ICDH) (Oxalosuccinate decarboxylase)	IDH1 PICD	Homo sapiens (Human)	414
4xs3	O75874	reviewed	IDHC_HUMAN	Isocitrate dehydrogenase [NADP] cytoplasmic (IDH) (IDH1) (EC 1.1.1.42) (Cytosolic NADP-isocitrate dehydrogenase) (IDPc) (NADP(+)-specific ICDH) (Oxalosuccinate decarboxylase)	IDH1 PICD	Homo sapiens (Human)	414
5de1	O75874	reviewed	IDHC_HUMAN	Isocitrate dehydrogenase [NADP] cytoplasmic (IDH) (IDH1) (EC 1.1.1.42) (Cytosolic NADP-isocitrate dehydrogenase) (IDPc) (NADP(+)-specific ICDH) (Oxalosuccinate decarboxylase)	IDH1 PICD	Homo sapiens (Human)	414
5l57	O75874	reviewed	IDHC_HUMAN	Isocitrate dehydrogenase [NADP] cytoplasmic (IDH) (IDH1) (EC 1.1.1.42) (Cytosolic NADP-isocitrate dehydrogenase) (IDPc) (NADP(+)-specific ICDH) (Oxalosuccinate decarboxylase)	IDH1 PICD	Homo sapiens (Human)	414
5l58	O75874	reviewed	IDHC_HUMAN	Isocitrate dehydrogenase [NADP] cytoplasmic (IDH) (IDH1) (EC 1.1.1.42) (Cytosolic NADP-isocitrate dehydrogenase) (IDPc) (NADP(+)-specific ICDH) (Oxalosuccinate decarboxylase)	IDH1 PICD	Homo sapiens (Human)	414
5lge	O75874	reviewed	IDHC_HUMAN	Isocitrate dehydrogenase [NADP] cytoplasmic (IDH) (IDH1) (EC 1.1.1.42) (Cytosolic NADP-isocitrate dehydrogenase) (IDPc) (NADP(+)-specific ICDH) (Oxalosuccinate decarboxylase)	IDH1 PICD	Homo sapiens (Human)	414
5sun	O75874	reviewed	IDHC_HUMAN	Isocitrate dehydrogenase [NADP] cytoplasmic (IDH) (IDH1) (EC 1.1.1.42) (Cytosolic NADP-isocitrate dehydrogenase) (IDPc) (NADP(+)-specific ICDH) (Oxalosuccinate decarboxylase)	IDH1 PICD	Homo sapiens (Human)	414
5svf	O75874	reviewed	IDHC_HUMAN	Isocitrate dehydrogenase [NADP] cytoplasmic (IDH) (IDH1) (EC 1.1.1.42) (Cytosolic NADP-isocitrate dehydrogenase) (IDPc) (NADP(+)-specific ICDH) (Oxalosuccinate decarboxylase)	IDH1 PICD	Homo sapiens (Human)	414
5tqh	O75874	reviewed	IDHC_HUMAN	Isocitrate dehydrogenase [NADP] cytoplasmic (IDH) (IDH1) (EC 1.1.1.42) (Cytosolic NADP-isocitrate dehydrogenase) (IDPc) (NADP(+)-specific ICDH) (Oxalosuccinate decarboxylase)	IDH1 PICD	Homo sapiens (Human)	414
6adg	O75874	reviewed	IDHC_HUMAN	Isocitrate dehydrogenase [NADP] cytoplasmic (IDH) (IDH1) (EC 1.1.1.42) (Cytosolic NADP-isocitrate dehydrogenase) (IDPc) (NADP(+)-specific ICDH) (Oxalosuccinate decarboxylase)	IDH1 PICD	Homo sapiens (Human)	414
6b0z	O75874	reviewed	IDHC_HUMAN	Isocitrate dehydrogenase [NADP] cytoplasmic (IDH) (IDH1) (EC 1.1.1.42) (Cytosolic NADP-isocitrate dehydrogenase) (IDPc) (NADP(+)-specific ICDH) (Oxalosuccinate decarboxylase)	IDH1 PICD	Homo sapiens (Human)	414
5h84	Q92830	reviewed	KAT2A_HUMAN	Histone acetyltransferase KAT2A (EC 2.3.1.48) (General control of amino acid synthesis protein 5-like 2) (Histone acetyltransferase GCN5) (hGCN5) (Histone glutaryltransferase KAT2A) (EC 2.3.1.-) (Histone succinyltransferase KAT2A) (EC 2.3.1.-) (Lysine acetyltransferase 2A) (STAF97)	KAT2A GCN5 GCN5L2	Homo sapiens (Human)	837
5h86	Q92830	reviewed	KAT2A_HUMAN	Histone acetyltransferase KAT2A (EC 2.3.1.48) (General control of amino acid synthesis protein 5-like 2) (Histone acetyltransferase GCN5) (hGCN5) (Histone glutaryltransferase KAT2A) (EC 2.3.1.-) (Histone succinyltransferase KAT2A) (EC 2.3.1.-) (Lysine acetyltransferase 2A) (STAF97)	KAT2A GCN5 GCN5L2	Homo sapiens (Human)	837
5mlj	Q92830	reviewed	KAT2A_HUMAN	Histone acetyltransferase KAT2A (EC 2.3.1.48) (General control of amino acid synthesis protein 5-like 2) (Histone acetyltransferase GCN5) (hGCN5) (Histone glutaryltransferase KAT2A) (EC 2.3.1.-) (Histone succinyltransferase KAT2A) (EC 2.3.1.-) (Lysine acetyltransferase 2A) (STAF97)	KAT2A GCN5 GCN5L2	Homo sapiens (Human)	837
1pme	P28482	reviewed	MK01_HUMAN	Mitogen-activated protein kinase 1 (MAP kinase 1) (MAPK 1) (EC 2.7.11.24) (ERT1) (Extracellular signal-regulated kinase 2) (ERK-2) (MAP kinase isoform p42) (p42-MAPK) (Mitogen-activated protein kinase 2) (MAP kinase 2) (MAPK 2)	MAPK1 ERK2 PRKM1 PRKM2	Homo sapiens (Human)	360
2ojg	P28482	reviewed	MK01_HUMAN	Mitogen-activated protein kinase 1 (MAP kinase 1) (MAPK 1) (EC 2.7.11.24) (ERT1) (Extracellular signal-regulated kinase 2) (ERK-2) (MAP kinase isoform p42) (p42-MAPK) (Mitogen-activated protein kinase 2) (MAP kinase 2) (MAPK 2)	MAPK1 ERK2 PRKM1 PRKM2	Homo sapiens (Human)	360
3sa0	P28482	reviewed	MK01_HUMAN	Mitogen-activated protein kinase 1 (MAP kinase 1) (MAPK 1) (EC 2.7.11.24) (ERT1) (Extracellular signal-regulated kinase 2) (ERK-2) (MAP kinase isoform p42) (p42-MAPK) (Mitogen-activated protein kinase 2) (MAP kinase 2) (MAPK 2)	MAPK1 ERK2 PRKM1 PRKM2	Homo sapiens (Human)	360
3w55	P28482	reviewed	MK01_HUMAN	Mitogen-activated protein kinase 1 (MAP kinase 1) (MAPK 1) (EC 2.7.11.24) (ERT1) (Extracellular signal-regulated kinase 2) (ERK-2) (MAP kinase isoform p42) (p42-MAPK) (Mitogen-activated protein kinase 2) (MAP kinase 2) (MAPK 2)	MAPK1 ERK2 PRKM1 PRKM2	Homo sapiens (Human)	360
4qp3	P28482	reviewed	MK01_HUMAN	Mitogen-activated protein kinase 1 (MAP kinase 1) (MAPK 1) (EC 2.7.11.24) (ERT1) (Extracellular signal-regulated kinase 2) (ERK-2) (MAP kinase isoform p42) (p42-MAPK) (Mitogen-activated protein kinase 2) (MAP kinase 2) (MAPK 2)	MAPK1 ERK2 PRKM1 PRKM2	Homo sapiens (Human)	360
4qp4	P28482	reviewed	MK01_HUMAN	Mitogen-activated protein kinase 1 (MAP kinase 1) (MAPK 1) (EC 2.7.11.24) (ERT1) (Extracellular signal-regulated kinase 2) (ERK-2) (MAP kinase isoform p42) (p42-MAPK) (Mitogen-activated protein kinase 2) (MAP kinase 2) (MAPK 2)	MAPK1 ERK2 PRKM1 PRKM2	Homo sapiens (Human)	360
4qp9	P28482	reviewed	MK01_HUMAN	Mitogen-activated protein kinase 1 (MAP kinase 1) (MAPK 1) (EC 2.7.11.24) (ERT1) (Extracellular signal-regulated kinase 2) (ERK-2) (MAP kinase isoform p42) (p42-MAPK) (Mitogen-activated protein kinase 2) (MAP kinase 2) (MAPK 2)	MAPK1 ERK2 PRKM1 PRKM2	Homo sapiens (Human)	360
4qta	P28482	reviewed	MK01_HUMAN	Mitogen-activated protein kinase 1 (MAP kinase 1) (MAPK 1) (EC 2.7.11.24) (ERT1) (Extracellular signal-regulated kinase 2) (ERK-2) (MAP kinase isoform p42) (p42-MAPK) (Mitogen-activated protein kinase 2) (MAP kinase 2) (MAPK 2)	MAPK1 ERK2 PRKM1 PRKM2	Homo sapiens (Human)	360
4qte	P28482	reviewed	MK01_HUMAN	Mitogen-activated protein kinase 1 (MAP kinase 1) (MAPK 1) (EC 2.7.11.24) (ERT1) (Extracellular signal-regulated kinase 2) (ERK-2) (MAP kinase isoform p42) (p42-MAPK) (Mitogen-activated protein kinase 2) (MAP kinase 2) (MAPK 2)	MAPK1 ERK2 PRKM1 PRKM2	Homo sapiens (Human)	360
4xj0	P28482	reviewed	MK01_HUMAN	Mitogen-activated protein kinase 1 (MAP kinase 1) (MAPK 1) (EC 2.7.11.24) (ERT1) (Extracellular signal-regulated kinase 2) (ERK-2) (MAP kinase isoform p42) (p42-MAPK) (Mitogen-activated protein kinase 2) (MAP kinase 2) (MAPK 2)	MAPK1 ERK2 PRKM1 PRKM2	Homo sapiens (Human)	360
4zzn	P28482	reviewed	MK01_HUMAN	Mitogen-activated protein kinase 1 (MAP kinase 1) (MAPK 1) (EC 2.7.11.24) (ERT1) (Extracellular signal-regulated kinase 2) (ERK-2) (MAP kinase isoform p42) (p42-MAPK) (Mitogen-activated protein kinase 2) (MAP kinase 2) (MAPK 2)	MAPK1 ERK2 PRKM1 PRKM2	Homo sapiens (Human)	360
5ax3	P28482	reviewed	MK01_HUMAN	Mitogen-activated protein kinase 1 (MAP kinase 1) (MAPK 1) (EC 2.7.11.24) (ERT1) (Extracellular signal-regulated kinase 2) (ERK-2) (MAP kinase isoform p42) (p42-MAPK) (Mitogen-activated protein kinase 2) (MAP kinase 2) (MAPK 2)	MAPK1 ERK2 PRKM1 PRKM2	Homo sapiens (Human)	360
5ax3	P40763	reviewed	STAT3_HUMAN	Signal transducer and activator of transcription 3 (Acute-phase response factor)	STAT3 APRF	Homo sapiens (Human)	770
5buj	P28482	reviewed	MK01_HUMAN	Mitogen-activated protein kinase 1 (MAP kinase 1) (MAPK 1) (EC 2.7.11.24) (ERT1) (Extracellular signal-regulated kinase 2) (ERK-2) (MAP kinase isoform p42) (p42-MAPK) (Mitogen-activated protein kinase 2) (MAP kinase 2) (MAPK 2)	MAPK1 ERK2 PRKM1 PRKM2	Homo sapiens (Human)	360
5v62	P28482	reviewed	MK01_HUMAN	Mitogen-activated protein kinase 1 (MAP kinase 1) (MAPK 1) (EC 2.7.11.24) (ERT1) (Extracellular signal-regulated kinase 2) (ERK-2) (MAP kinase isoform p42) (p42-MAPK) (Mitogen-activated protein kinase 2) (MAP kinase 2) (MAPK 2)	MAPK1 ERK2 PRKM1 PRKM2	Homo sapiens (Human)	360
5v62	Q15418	reviewed	KS6A1_HUMAN	Ribosomal protein S6 kinase alpha-1 (S6K-alpha-1) (EC 2.7.11.1) (90 kDa ribosomal protein S6 kinase 1) (p90-RSK 1) (p90RSK1) (p90S6K) (MAP kinase-activated protein kinase 1a) (MAPK-activated protein kinase 1a) (MAPKAP kinase 1a) (MAPKAPK-1a) (Ribosomal S6 kinase 1) (RSK-1)	RPS6KA1 MAPKAPK1A RSK1	Homo sapiens (Human)	735
6g9h	P28482	reviewed	MK01_HUMAN	Mitogen-activated protein kinase 1 (MAP kinase 1) (MAPK 1) (EC 2.7.11.24) (ERT1) (Extracellular signal-regulated kinase 2) (ERK-2) (MAP kinase isoform p42) (p42-MAPK) (Mitogen-activated protein kinase 2) (MAP kinase 2) (MAPK 2)	MAPK1 ERK2 PRKM1 PRKM2	Homo sapiens (Human)	360
1fap	P42345	reviewed	MTOR_HUMAN	Serine/threonine-protein kinase mTOR (EC 2.7.11.1) (FK506-binding protein 12-rapamycin complex-associated protein 1) (FKBP12-rapamycin complex-associated protein) (Mammalian target of rapamycin) (mTOR) (Mechanistic target of rapamycin) (Rapamycin and FKBP12 target 1) (Rapamycin target protein 1)	MTOR FRAP FRAP1 FRAP2 RAFT1 RAPT1	Homo sapiens (Human)	2549
1fap	P62942	reviewed	FKB1A_HUMAN	Peptidyl-prolyl cis-trans isomerase FKBP1A (PPIase FKBP1A) (EC 5.2.1.8) (12 kDa FK506-binding protein) (12 kDa FKBP) (FKBP-12) (Calstabin-1) (FK506-binding protein 1A) (FKBP-1A) (Immunophilin FKBP12) (Rotamase)	FKBP1A FKBP1 FKBP12	Homo sapiens (Human)	108
1nsg	P42345	reviewed	MTOR_HUMAN	Serine/threonine-protein kinase mTOR (EC 2.7.11.1) (FK506-binding protein 12-rapamycin complex-associated protein 1) (FKBP12-rapamycin complex-associated protein) (Mammalian target of rapamycin) (mTOR) (Mechanistic target of rapamycin) (Rapamycin and FKBP12 target 1) (Rapamycin target protein 1)	MTOR FRAP FRAP1 FRAP2 RAFT1 RAPT1	Homo sapiens (Human)	2549
1nsg	P62942	reviewed	FKB1A_HUMAN	Peptidyl-prolyl cis-trans isomerase FKBP1A (PPIase FKBP1A) (EC 5.2.1.8) (12 kDa FK506-binding protein) (12 kDa FKBP) (FKBP-12) (Calstabin-1) (FK506-binding protein 1A) (FKBP-1A) (Immunophilin FKBP12) (Rotamase)	FKBP1A FKBP1 FKBP12	Homo sapiens (Human)	108
2fap	P42345	reviewed	MTOR_HUMAN	Serine/threonine-protein kinase mTOR (EC 2.7.11.1) (FK506-binding protein 12-rapamycin complex-associated protein 1) (FKBP12-rapamycin complex-associated protein) (Mammalian target of rapamycin) (mTOR) (Mechanistic target of rapamycin) (Rapamycin and FKBP12 target 1) (Rapamycin target protein 1)	MTOR FRAP FRAP1 FRAP2 RAFT1 RAPT1	Homo sapiens (Human)	2549
2fap	P62942	reviewed	FKB1A_HUMAN	Peptidyl-prolyl cis-trans isomerase FKBP1A (PPIase FKBP1A) (EC 5.2.1.8) (12 kDa FK506-binding protein) (12 kDa FKBP) (FKBP-12) (Calstabin-1) (FK506-binding protein 1A) (FKBP-1A) (Immunophilin FKBP12) (Rotamase)	FKBP1A FKBP1 FKBP12	Homo sapiens (Human)	108
3fap	P42345	reviewed	MTOR_HUMAN	Serine/threonine-protein kinase mTOR (EC 2.7.11.1) (FK506-binding protein 12-rapamycin complex-associated protein 1) (FKBP12-rapamycin complex-associated protein) (Mammalian target of rapamycin) (mTOR) (Mechanistic target of rapamycin) (Rapamycin and FKBP12 target 1) (Rapamycin target protein 1)	MTOR FRAP FRAP1 FRAP2 RAFT1 RAPT1	Homo sapiens (Human)	2549
3fap	P62942	reviewed	FKB1A_HUMAN	Peptidyl-prolyl cis-trans isomerase FKBP1A (PPIase FKBP1A) (EC 5.2.1.8) (12 kDa FK506-binding protein) (12 kDa FKBP) (FKBP-12) (Calstabin-1) (FK506-binding protein 1A) (FKBP-1A) (Immunophilin FKBP12) (Rotamase)	FKBP1A FKBP1 FKBP12	Homo sapiens (Human)	108
4drh	P42345	reviewed	MTOR_HUMAN	Serine/threonine-protein kinase mTOR (EC 2.7.11.1) (FK506-binding protein 12-rapamycin complex-associated protein 1) (FKBP12-rapamycin complex-associated protein) (Mammalian target of rapamycin) (mTOR) (Mechanistic target of rapamycin) (Rapamycin and FKBP12 target 1) (Rapamycin target protein 1)	MTOR FRAP FRAP1 FRAP2 RAFT1 RAPT1	Homo sapiens (Human)	2549
4drh	Q13451	reviewed	FKBP5_HUMAN	Peptidyl-prolyl cis-trans isomerase FKBP5 (PPIase FKBP5) (EC 5.2.1.8) (51 kDa FK506-binding protein) (51 kDa FKBP) (FKBP-51) (54 kDa progesterone receptor-associated immunophilin) (Androgen-regulated protein 6) (FF1 antigen) (FK506-binding protein 5) (FKBP-5) (FKBP54) (p54) (HSP90-binding immunophilin) (Rotamase)	FKBP5 AIG6 FKBP51	Homo sapiens (Human)	457
4dri	P42345	reviewed	MTOR_HUMAN	Serine/threonine-protein kinase mTOR (EC 2.7.11.1) (FK506-binding protein 12-rapamycin complex-associated protein 1) (FKBP12-rapamycin complex-associated protein) (Mammalian target of rapamycin) (mTOR) (Mechanistic target of rapamycin) (Rapamycin and FKBP12 target 1) (Rapamycin target protein 1)	MTOR FRAP FRAP1 FRAP2 RAFT1 RAPT1	Homo sapiens (Human)	2549
4dri	Q13451	reviewed	FKBP5_HUMAN	Peptidyl-prolyl cis-trans isomerase FKBP5 (PPIase FKBP5) (EC 5.2.1.8) (51 kDa FK506-binding protein) (51 kDa FKBP) (FKBP-51) (54 kDa progesterone receptor-associated immunophilin) (Androgen-regulated protein 6) (FF1 antigen) (FK506-binding protein 5) (FKBP-5) (FKBP54) (p54) (HSP90-binding immunophilin) (Rotamase)	FKBP5 AIG6 FKBP51	Homo sapiens (Human)	457
4drj	P42345	reviewed	MTOR_HUMAN	Serine/threonine-protein kinase mTOR (EC 2.7.11.1) (FK506-binding protein 12-rapamycin complex-associated protein 1) (FKBP12-rapamycin complex-associated protein) (Mammalian target of rapamycin) (mTOR) (Mechanistic target of rapamycin) (Rapamycin and FKBP12 target 1) (Rapamycin target protein 1)	MTOR FRAP FRAP1 FRAP2 RAFT1 RAPT1	Homo sapiens (Human)	2549
4drj	Q02790	reviewed	FKBP4_HUMAN	Peptidyl-prolyl cis-trans isomerase FKBP4 (PPIase FKBP4) (EC 5.2.1.8) (51 kDa FK506-binding protein) (FKBP51) (52 kDa FK506-binding protein) (52 kDa FKBP) (FKBP-52) (59 kDa immunophilin) (p59) (FK506-binding protein 4) (FKBP-4) (FKBP59) (HSP-binding immunophilin) (HBI) (Immunophilin FKBP52) (Rotamase) [Cleaved into: Peptidyl-prolyl cis-trans isomerase FKBP4, N-terminally processed]	FKBP4 FKBP52	Homo sapiens (Human)	459
4fap	P42345	reviewed	MTOR_HUMAN	Serine/threonine-protein kinase mTOR (EC 2.7.11.1) (FK506-binding protein 12-rapamycin complex-associated protein 1) (FKBP12-rapamycin complex-associated protein) (Mammalian target of rapamycin) (mTOR) (Mechanistic target of rapamycin) (Rapamycin and FKBP12 target 1) (Rapamycin target protein 1)	MTOR FRAP FRAP1 FRAP2 RAFT1 RAPT1	Homo sapiens (Human)	2549
4fap	P62942	reviewed	FKB1A_HUMAN	Peptidyl-prolyl cis-trans isomerase FKBP1A (PPIase FKBP1A) (EC 5.2.1.8) (12 kDa FK506-binding protein) (12 kDa FKBP) (FKBP-12) (Calstabin-1) (FK506-binding protein 1A) (FKBP-1A) (Immunophilin FKBP12) (Rotamase)	FKBP1A FKBP1 FKBP12	Homo sapiens (Human)	108
4jsx	P42345	reviewed	MTOR_HUMAN	Serine/threonine-protein kinase mTOR (EC 2.7.11.1) (FK506-binding protein 12-rapamycin complex-associated protein 1) (FKBP12-rapamycin complex-associated protein) (Mammalian target of rapamycin) (mTOR) (Mechanistic target of rapamycin) (Rapamycin and FKBP12 target 1) (Rapamycin target protein 1)	MTOR FRAP FRAP1 FRAP2 RAFT1 RAPT1	Homo sapiens (Human)	2549
4jsx	Q9BVC4	reviewed	LST8_HUMAN	Target of rapamycin complex subunit LST8 (TORC subunit LST8) (G protein beta subunit-like) (Gable) (Protein GbetaL) (Mammalian lethal with SEC13 protein 8) (mLST8)	MLST8 GBL LST8	Homo sapiens (Human)	326
4jt5	P42345	reviewed	MTOR_HUMAN	Serine/threonine-protein kinase mTOR (EC 2.7.11.1) (FK506-binding protein 12-rapamycin complex-associated protein 1) (FKBP12-rapamycin complex-associated protein) (Mammalian target of rapamycin) (mTOR) (Mechanistic target of rapamycin) (Rapamycin and FKBP12 target 1) (Rapamycin target protein 1)	MTOR FRAP FRAP1 FRAP2 RAFT1 RAPT1	Homo sapiens (Human)	2549
4jt5	Q9BVC4	reviewed	LST8_HUMAN	Target of rapamycin complex subunit LST8 (TORC subunit LST8) (G protein beta subunit-like) (Gable) (Protein GbetaL) (Mammalian lethal with SEC13 protein 8) (mLST8)	MLST8 GBL LST8	Homo sapiens (Human)	326
5gpg	P42345	reviewed	MTOR_HUMAN	Serine/threonine-protein kinase mTOR (EC 2.7.11.1) (FK506-binding protein 12-rapamycin complex-associated protein 1) (FKBP12-rapamycin complex-associated protein) (Mammalian target of rapamycin) (mTOR) (Mechanistic target of rapamycin) (Rapamycin and FKBP12 target 1) (Rapamycin target protein 1)	MTOR FRAP FRAP1 FRAP2 RAFT1 RAPT1	Homo sapiens (Human)	2549
5gpg	Q00688	reviewed	FKBP3_HUMAN	Peptidyl-prolyl cis-trans isomerase FKBP3 (PPIase FKBP3) (EC 5.2.1.8) (25 kDa FK506-binding protein) (25 kDa FKBP) (FKBP-25) (FK506-binding protein 3) (FKBP-3) (Immunophilin FKBP25) (Rapamycin-selective 25 kDa immunophilin) (Rotamase)	FKBP3 FKBP25	Homo sapiens (Human)	224
6b73	P0ABE7	reviewed	C562_ECOLX	Soluble cytochrome b562 (Cytochrome b-562)	cybC	Escherichia coli	128
6b73	P41145	reviewed	OPRK_HUMAN	Kappa-type opioid receptor (K-OR-1) (KOR-1)	OPRK1 OPRK	Homo sapiens (Human)	380
3gqy	P14618	reviewed	KPYM_HUMAN	Pyruvate kinase PKM (EC 2.7.1.40) (Cytosolic thyroid hormone-binding protein) (CTHBP) (Opa-interacting protein 3) (OIP-3) (Pyruvate kinase 2/3) (Pyruvate kinase muscle isozyme) (Threonine-protein kinase PKM2) (EC 2.7.11.1) (Thyroid hormone-binding protein 1) (THBP1) (Tumor M2-PK) (Tyrosine-protein kinase PKM2) (EC 2.7.10.2) (p58)	PKM OIP3 PK2 PK3 PKM2	Homo sapiens (Human)	531
3gr4	P14618	reviewed	KPYM_HUMAN	Pyruvate kinase PKM (EC 2.7.1.40) (Cytosolic thyroid hormone-binding protein) (CTHBP) (Opa-interacting protein 3) (OIP-3) (Pyruvate kinase 2/3) (Pyruvate kinase muscle isozyme) (Threonine-protein kinase PKM2) (EC 2.7.11.1) (Thyroid hormone-binding protein 1) (THBP1) (Tumor M2-PK) (Tyrosine-protein kinase PKM2) (EC 2.7.10.2) (p58)	PKM OIP3 PK2 PK3 PKM2	Homo sapiens (Human)	531
3h6o	P14618	reviewed	KPYM_HUMAN	Pyruvate kinase PKM (EC 2.7.1.40) (Cytosolic thyroid hormone-binding protein) (CTHBP) (Opa-interacting protein 3) (OIP-3) (Pyruvate kinase 2/3) (Pyruvate kinase muscle isozyme) (Threonine-protein kinase PKM2) (EC 2.7.11.1) (Thyroid hormone-binding protein 1) (THBP1) (Tumor M2-PK) (Tyrosine-protein kinase PKM2) (EC 2.7.10.2) (p58)	PKM OIP3 PK2 PK3 PKM2	Homo sapiens (Human)	531
3me3	P14618	reviewed	KPYM_HUMAN	Pyruvate kinase PKM (EC 2.7.1.40) (Cytosolic thyroid hormone-binding protein) (CTHBP) (Opa-interacting protein 3) (OIP-3) (Pyruvate kinase 2/3) (Pyruvate kinase muscle isozyme) (Threonine-protein kinase PKM2) (EC 2.7.11.1) (Thyroid hormone-binding protein 1) (THBP1) (Tumor M2-PK) (Tyrosine-protein kinase PKM2) (EC 2.7.10.2) (p58)	PKM OIP3 PK2 PK3 PKM2	Homo sapiens (Human)	531
3u2z	P14618	reviewed	KPYM_HUMAN	Pyruvate kinase PKM (EC 2.7.1.40) (Cytosolic thyroid hormone-binding protein) (CTHBP) (Opa-interacting protein 3) (OIP-3) (Pyruvate kinase 2/3) (Pyruvate kinase muscle isozyme) (Threonine-protein kinase PKM2) (EC 2.7.11.1) (Thyroid hormone-binding protein 1) (THBP1) (Tumor M2-PK) (Tyrosine-protein kinase PKM2) (EC 2.7.10.2) (p58)	PKM OIP3 PK2 PK3 PKM2	Homo sapiens (Human)	531
4g1n	P14618	reviewed	KPYM_HUMAN	Pyruvate kinase PKM (EC 2.7.1.40) (Cytosolic thyroid hormone-binding protein) (CTHBP) (Opa-interacting protein 3) (OIP-3) (Pyruvate kinase 2/3) (Pyruvate kinase muscle isozyme) (Threonine-protein kinase PKM2) (EC 2.7.11.1) (Thyroid hormone-binding protein 1) (THBP1) (Tumor M2-PK) (Tyrosine-protein kinase PKM2) (EC 2.7.10.2) (p58)	PKM OIP3 PK2 PK3 PKM2	Homo sapiens (Human)	531
4jpg	P14618	reviewed	KPYM_HUMAN	Pyruvate kinase PKM (EC 2.7.1.40) (Cytosolic thyroid hormone-binding protein) (CTHBP) (Opa-interacting protein 3) (OIP-3) (Pyruvate kinase 2/3) (Pyruvate kinase muscle isozyme) (Threonine-protein kinase PKM2) (EC 2.7.11.1) (Thyroid hormone-binding protein 1) (THBP1) (Tumor M2-PK) (Tyrosine-protein kinase PKM2) (EC 2.7.10.2) (p58)	PKM OIP3 PK2 PK3 PKM2	Homo sapiens (Human)	531
5x1v	P14618	reviewed	KPYM_HUMAN	Pyruvate kinase PKM (EC 2.7.1.40) (Cytosolic thyroid hormone-binding protein) (CTHBP) (Opa-interacting protein 3) (OIP-3) (Pyruvate kinase 2/3) (Pyruvate kinase muscle isozyme) (Threonine-protein kinase PKM2) (EC 2.7.11.1) (Thyroid hormone-binding protein 1) (THBP1) (Tumor M2-PK) (Tyrosine-protein kinase PKM2) (EC 2.7.10.2) (p58)	PKM OIP3 PK2 PK3 PKM2	Homo sapiens (Human)	531
5x1w	P14618	reviewed	KPYM_HUMAN	Pyruvate kinase PKM (EC 2.7.1.40) (Cytosolic thyroid hormone-binding protein) (CTHBP) (Opa-interacting protein 3) (OIP-3) (Pyruvate kinase 2/3) (Pyruvate kinase muscle isozyme) (Threonine-protein kinase PKM2) (EC 2.7.11.1) (Thyroid hormone-binding protein 1) (THBP1) (Tumor M2-PK) (Tyrosine-protein kinase PKM2) (EC 2.7.10.2) (p58)	PKM OIP3 PK2 PK3 PKM2	Homo sapiens (Human)	531
1zgy	P97947	reviewed	NR0B2_RAT	Nuclear receptor subfamily 0 group B member 2 (Orphan nuclear receptor SHP) (Small heterodimer partner)	Nr0b2 Shp	Rattus norvegicus (Rat)	260
1zgy	P37231	reviewed	PPARG_HUMAN	Peroxisome proliferator-activated receptor gamma (PPAR-gamma) (Nuclear receptor subfamily 1 group C member 3)	PPARG NR1C3	Homo sapiens (Human)	505
2i4j	P37231	reviewed	PPARG_HUMAN	Peroxisome proliferator-activated receptor gamma (PPAR-gamma) (Nuclear receptor subfamily 1 group C member 3)	PPARG NR1C3	Homo sapiens (Human)	505
2p4y	P37231	reviewed	PPARG_HUMAN	Peroxisome proliferator-activated receptor gamma (PPAR-gamma) (Nuclear receptor subfamily 1 group C member 3)	PPARG NR1C3	Homo sapiens (Human)	505
2q5s	P37231	reviewed	PPARG_HUMAN	Peroxisome proliferator-activated receptor gamma (PPAR-gamma) (Nuclear receptor subfamily 1 group C member 3)	PPARG NR1C3	Homo sapiens (Human)	505
2yfe	P37231	reviewed	PPARG_HUMAN	Peroxisome proliferator-activated receptor gamma (PPAR-gamma) (Nuclear receptor subfamily 1 group C member 3)	PPARG NR1C3	Homo sapiens (Human)	505
3b1m	P37231	reviewed	PPARG_HUMAN	Peroxisome proliferator-activated receptor gamma (PPAR-gamma) (Nuclear receptor subfamily 1 group C member 3)	PPARG NR1C3	Homo sapiens (Human)	505
3b1m	Q9UBK2	reviewed	PRGC1_HUMAN	Peroxisome proliferator-activated receptor gamma coactivator 1-alpha (PGC-1-alpha) (PPAR-gamma coactivator 1-alpha) (PPARGC-1-alpha) (Ligand effect modulator 6)	PPARGC1A LEM6 PGC1 PGC1A PPARGC1	Homo sapiens (Human)	798
3hod	P37231	reviewed	PPARG_HUMAN	Peroxisome proliferator-activated receptor gamma (PPAR-gamma) (Nuclear receptor subfamily 1 group C member 3)	PPARG NR1C3	Homo sapiens (Human)	505
3r8a	P37231	reviewed	PPARG_HUMAN	Peroxisome proliferator-activated receptor gamma (PPAR-gamma) (Nuclear receptor subfamily 1 group C member 3)	PPARG NR1C3	Homo sapiens (Human)	505
4ci5	P37231	reviewed	PPARG_HUMAN	Peroxisome proliferator-activated receptor gamma (PPAR-gamma) (Nuclear receptor subfamily 1 group C member 3)	PPARG NR1C3	Homo sapiens (Human)	505
4fgy	P37231	reviewed	PPARG_HUMAN	Peroxisome proliferator-activated receptor gamma (PPAR-gamma) (Nuclear receptor subfamily 1 group C member 3)	PPARG NR1C3	Homo sapiens (Human)	505
4fgy	Q15788	reviewed	NCOA1_HUMAN	Nuclear receptor coactivator 1 (NCoA-1) (EC 2.3.1.48) (Class E basic helix-loop-helix protein 74) (bHLHe74) (Protein Hin-2) (RIP160) (Renal carcinoma antigen NY-REN-52) (Steroid receptor coactivator 1) (SRC-1)	NCOA1 BHLHE74 SRC1	Homo sapiens (Human)	1441
4prg	P37231	reviewed	PPARG_HUMAN	Peroxisome proliferator-activated receptor gamma (PPAR-gamma) (Nuclear receptor subfamily 1 group C member 3)	PPARG NR1C3	Homo sapiens (Human)	505
5tto	P37231	reviewed	PPARG_HUMAN	Peroxisome proliferator-activated receptor gamma (PPAR-gamma) (Nuclear receptor subfamily 1 group C member 3)	PPARG NR1C3	Homo sapiens (Human)	505
5two	P37231	reviewed	PPARG_HUMAN	Peroxisome proliferator-activated receptor gamma (PPAR-gamma) (Nuclear receptor subfamily 1 group C member 3)	PPARG NR1C3	Homo sapiens (Human)	505
5two	Q9UBK2	reviewed	PRGC1_HUMAN	Peroxisome proliferator-activated receptor gamma coactivator 1-alpha (PGC-1-alpha) (PPAR-gamma coactivator 1-alpha) (PPARGC-1-alpha) (Ligand effect modulator 6)	PPARGC1A LEM6 PGC1 PGC1A PPARGC1	Homo sapiens (Human)	798
5y2t	P37231	reviewed	PPARG_HUMAN	Peroxisome proliferator-activated receptor gamma (PPAR-gamma) (Nuclear receptor subfamily 1 group C member 3)	PPARG NR1C3	Homo sapiens (Human)	505
5z5s	P37231	reviewed	PPARG_HUMAN	Peroxisome proliferator-activated receptor gamma (PPAR-gamma) (Nuclear receptor subfamily 1 group C member 3)	PPARG NR1C3	Homo sapiens (Human)	505
5z5s	Q9UBK2	reviewed	PRGC1_HUMAN	Peroxisome proliferator-activated receptor gamma coactivator 1-alpha (PGC-1-alpha) (PPAR-gamma coactivator 1-alpha) (PPARGC-1-alpha) (Ligand effect modulator 6)	PPARGC1A LEM6 PGC1 PGC1A PPARGC1	Homo sapiens (Human)	798
2vuk	P04637	reviewed	P53_HUMAN	Cellular tumor antigen p53 (Antigen NY-CO-13) (Phosphoprotein p53) (Tumor suppressor p53)	TP53 P53	Homo sapiens (Human)	393
3zme	P04637	reviewed	P53_HUMAN	Cellular tumor antigen p53 (Antigen NY-CO-13) (Phosphoprotein p53) (Tumor suppressor p53)	TP53 P53	Homo sapiens (Human)	393
4ago	P04637	reviewed	P53_HUMAN	Cellular tumor antigen p53 (Antigen NY-CO-13) (Phosphoprotein p53) (Tumor suppressor p53)	TP53 P53	Homo sapiens (Human)	393
4agq	P04637	reviewed	P53_HUMAN	Cellular tumor antigen p53 (Antigen NY-CO-13) (Phosphoprotein p53) (Tumor suppressor p53)	TP53 P53	Homo sapiens (Human)	393
5g4o	P04637	reviewed	P53_HUMAN	Cellular tumor antigen p53 (Antigen NY-CO-13) (Phosphoprotein p53) (Tumor suppressor p53)	TP53 P53	Homo sapiens (Human)	393
5o1i	P04637	reviewed	P53_HUMAN	Cellular tumor antigen p53 (Antigen NY-CO-13) (Phosphoprotein p53) (Tumor suppressor p53)	TP53 P53	Homo sapiens (Human)	393
3a2i	P11473	reviewed	VDR_HUMAN	Vitamin D3 receptor (VDR) (1,25-dihydroxyvitamin D3 receptor) (Nuclear receptor subfamily 1 group I member 1)	VDR NR1I1	Homo sapiens (Human)	427
3a2j	P11473	reviewed	VDR_HUMAN	Vitamin D3 receptor (VDR) (1,25-dihydroxyvitamin D3 receptor) (Nuclear receptor subfamily 1 group I member 1)	VDR NR1I1	Homo sapiens (Human)	427
